"ID";"Action";"Description";"Date Completed"
1836;"Complaint";"CONFIDENTIAL INFORMATION";"07-02-2021"
1843;"Complaint";"STAFFING";"07-23-2021"
1634;"Complaint";"REQUIRED RATIOS";"11-17-2017"
1634;"Complaint";"SUPERVISION AT ALL TIMES";"02-28-2017"
1634;"Complaint";"SERVICE AND SERVING EQUIP";"02-28-2017"
1634;"Complaint";"CORPORAL/PHYSICAL PUNISH";"06-29-2017"
1634;"Complaint";"PHYSICAL RESTRAINT";"02-28-2017"
1634;"Complaint";"ROUGH OR HARSH HANDLING";"08-14-2018"
1634;"Complaint";"SIGN CHILD OUT/DEPARTURE";"11-17-2017"
1793;"Complaint";"SUPERVISION AT ALL TIMES";"07-07-2020"
1473;"Complaint";"DISCIPLINE/FOOD/NAPS/BATH";"02-17-2017"
1798;"Complaint";"SUPERVISION AT ALL TIMES";"08-18-2020"
1662;"Complaint";"RECORDS ON EACH CHILD";"12-13-2018"
1524;"Complaint";"APPARENT HAZARDOUS CONDIT";"08-30-2019"
1524;"Complaint";"BARRIERS AROUND RADIATORS";"08-30-2019"
1524;"Complaint";"SUPERVISION AT ALL TIMES";"06-27-2019"
1524;"Complaint";"FEEDING";"03-09-2021"
1524;"Complaint";"TIME OUTDOORS DAILY";"08-30-2019"
1524;"Complaint";"ILLNESS AND INJURY";"03-09-2021"
1524;"Complaint";"REPORTS TO THE DEPARTMENT";"03-09-2021"
1882;"Complaint";"CORPORAL/PHYSICAL PUNISH";"09-09-2021"
263;"Complaint";"DIRECTOR OR CENTER DIRECT";"03-05-2020"
263;"Complaint";"STAFFING";"07-23-2021"
263;"Complaint";"STAFF-CHILD RATIO";"08-24-2020"
263;"Complaint";"SERVICE AND SERVING EQUIP";"08-24-2020"
263;"Complaint";"CHANGE OF THE DIRECTOR";"08-24-2020"
263;"Complaint";"INTERRUPTION ELECTRICAL";"08-24-2020"
85;"Complaint";"TIME OUTDOORS DAILY";"10-18-2018"
52;"Complaint";"REPORTED 24 HRS/5 DAYS";"10-14-2021"
87;"Complaint";"STAFFING";"10-22-2021"
87;"Complaint";"STAFF-CHILD RATIO";"10-22-2021"
87;"Complaint";"CRIBS, COTS, AND BEDDING";"10-22-2021"
87;"Complaint";"QUALIFICATIONS OF STAFF";"10-22-2021"
1876;"Complaint";"ILLNESS AND INJURY";"12-20-2019"
1353;"Complaint";"PARENT NOTIFIED PROCEDURE";"08-26-2020"
1637;"Complaint";"DIRECTOR/STAFF IN CHARGE";"09-22-2021"
1214;"Complaint";"OUTDOOR PLAY AREA/SIZE";"09-24-2020"
1872;"Complaint";"APPARENT HAZARDOUS CONDIT";"02-28-2020"
316;"Complaint";"SUPERVISION AT ALL TIMES";"08-10-2021"
316;"Complaint";"FREEDOM OF MOVEMENT";"09-02-2021"
316;"Complaint";"NO ILL CHILD ADMITTED";"08-10-2021"
316;"Complaint";"CONTAGIOUS DISEASE/CONDIT";"08-10-2021"
1619;"Complaint";"SOFT MATERIALS PROHIBITED";"07-14-2017"
1462;"Complaint";"ROUGH OR HARSH HANDLING";"10-22-2020"
222;"Complaint";"WET/SOILED DIAPERS/CLOTH";"09-22-2021"
222;"Complaint";"PROHIBITED DISCIPLINE";"05-25-2021"
222;"Complaint";"ROUGH OR HARSH HANDLING";"02-14-2019"
222;"Complaint";"NO ILL CHILD ADMITTED";"04-26-2017"
222;"Complaint";"CONTAGIOUS DISEASE/CONDIT";"04-26-2017"
1752;"Complaint";"CONTAGIOUS DISEASE/CONDIT";"08-27-2021"
58;"Complaint";"SUPERVISION";"03-07-2017"
58;"Complaint";"SUPERVISION";"09-05-2017"
58;"Complaint";"STAFF-CHILD RATIO";"03-07-2017"
58;"Complaint";"STAFF-CHILD RATIO";"09-05-2017"
58;"Complaint";"PHYSICAL RESTRAINT";"09-05-2017"
1434;"Complaint";"APPARENT HAZARDS";"11-14-2019"
1434;"Complaint";"AMOUNT/TYPE FURNISHINGS";"10-09-2019"
1434;"Complaint";"STAFF-CHILD RATIO";"10-09-2019"
1434;"Complaint";"STAFF-CHILD RATIO";"03-10-2020"
1434;"Complaint";"WET/SOILED DIAPERS/CLOTH";"02-12-2020"
1891;"Complaint";"CORPORAL/PHYSICAL PUNISH";"12-20-2018"
258;"Complaint";"OPEN VISITS FROM PARENTS";"09-16-2021"
647;"Complaint";"REPORTED DHR PRIOR TO OCC";"03-05-2019"
647;"Complaint";"CHILD ABUSE/NEGLECT REPOR";"05-29-2020"
870;"Complaint";"MEDICINES/DRUGS LOCKED";"06-04-2019"
870;"Complaint";"DISCIPLINE APPROPRIATE";"06-29-2020"
1895;"Complaint";"PHYSICAL RESTRAINT";"12-08-2020"
1893;"Complaint";"CORPORAL/PHYSICAL PUNISH";"11-06-2018"
1770;"Complaint";"CHARACTER AND SUITABILITY";"10-01-2021"
1770;"Complaint";"APPARENT HAZARDOUS CONDIT";"09-09-2021"
1770;"Complaint";"STAFFING";"09-24-2021"
1770;"Complaint";"SUPERVISION AT ALL TIMES";"10-01-2021"
1770;"Complaint";"VERIFICATION OF TRAINING";"09-27-2021"
1770;"Complaint";"VERIFICATION OF TRAINING";"09-27-2021"
269;"Complaint";"SUPERVISION AT ALL TIMES";"07-17-2019"
269;"Complaint";"STAFF FREE OTHER DUTIES";"05-18-2017"
269;"Complaint";"CRIES/SIGNS OF DISTRESS";"05-18-2017"
269;"Complaint";"STAFF WASH HANDS BEF/AFT";"04-21-2021"
269;"Complaint";"VERBAL ABUSE";"05-18-2017"
269;"Complaint";"ROUGH OR HARSH HANDLING";"05-18-2017"
269;"Complaint";"REPORTED DHR PRIOR TO OCC";"06-20-2017"
269;"Complaint";"RISK TO A CHILD";"06-20-2017"
1649;"Complaint";"FURNISHINGS AND EQUIPMENT";"06-09-2021"
1649;"Complaint";"SIGN CHILD IN/ARRIVAL";"11-06-2018"
1649;"Complaint";"PHOTOGRAPHIC ID";"11-06-2018"
1232;"Complaint";"APPARENT HAZARDS";"01-15-2021"
1232;"Complaint";"REQUIRED RATIOS";"09-30-2020"
1232;"Complaint";"STAFF-CHILD RATIO";"01-15-2021"
1232;"Complaint";"SUPERVISION AT ALL TIMES";"09-30-2020"
1232;"Complaint";"WET/SOILED DIAPERS/CLOTH";"09-30-2020"
1504;"Complaint";"APPARENT HAZARDS";"06-05-2019"
1504;"Complaint";"STAFF-CHILD RATIO";"05-02-2019"
1504;"Complaint";"SUPERVISION AT ALL TIMES";"06-05-2019"
1504;"Complaint";"ISOLATION AND REMOVAL";"08-15-2018"
1504;"Complaint";"CONTAGIOUS DISEASE/CONDIT";"08-15-2018"
1504;"Complaint";"RECORDS ON STAFF";"08-06-2019"
1504;"Complaint";"CHARACTER AND SUITABILITY";"08-06-2019"
1084;"Complaint";"SUPERVISION";"11-06-2018"
1084;"Complaint";"VERBAL ABUSE";"07-03-2019"
1084;"Complaint";"AIDES/ASSISTANT TEACHERS";"07-03-2019"
1655;"Complaint";"NUMBER OF FIXTURES";"02-01-2021"
1655;"Complaint";"APPARENT HAZARDOUS CONDIT";"02-01-2021"
1655;"Complaint";"SUPERVISION AT ALL TIMES";"08-11-2021"
1655;"Complaint";"STAFF-PARENT COMMUNICATE";"08-11-2021"
1655;"Complaint";"RISK TO A CHILD";"08-11-2021"
1090;"Complaint";"SIGN-IN/SIGN-OUT SHEETS";"11-20-2019"
981;"Complaint";"APPARENT HAZARDOUS CONDIT";"06-05-2019"
1292;"Complaint";"OPERATIONAL TELEPHONE";"09-14-2017"
1369;"Complaint";"CENTER CLEAN";"08-13-2019"
1521;"Complaint";"CHARACTER AND SUITABILITY";"09-13-2019"
826;"Complaint";"ZONING APPROVAL";"08-05-2021"
1470;"Complaint";"CONFIDENTIAL INFORMATION";"10-06-2020"
829;"Complaint";"OPEN VISITS FROM PARENTS";"10-06-2020"
1652;"Complaint";"SIGN CHILD OUT/DEPARTURE";"11-16-2020"
1648;"Complaint";"SMOKING/TOBACCO PROHIBIT";"07-23-2021"
1648;"Complaint";"SUPERVISION AT ALL TIMES";"07-23-2021"
1648;"Complaint";"FREEDOM OF MOVEMENT";"07-23-2021"
1648;"Complaint";"WET/SOILED DIAPERS/CLOTH";"07-23-2021"
1648;"Complaint";"DISCUSSION ABOUT CHILDREN";"07-23-2021"
1368;"Complaint";"STAFFING";"05-16-2018"
1199;"Complaint";"REQUIRED RATIOS";"06-02-2017"
1199;"Complaint";"ISOLATION AND REMOVAL";"06-02-2017"
261;"Complaint";"SUPERVISION AT ALL TIMES";"03-10-2017"
261;"Complaint";"STAFF WASH HANDS BEF/AFT";"03-10-2017"
261;"Complaint";"INDICATED REPORTS OF CA/N";"08-22-2017"
777;"Complaint";"MEDICINES/DRUGS LOCKED";"11-24-2020"
777;"Complaint";"MULTIPLE AGE GROUPING";"09-26-2018"
777;"Complaint";"RATIOS MAINTAINED";"08-12-2021"
94;"Complaint";"STAFF-CHILD RATIO";"03-31-2021"
94;"Complaint";"SUPERVISION AT ALL TIMES";"09-21-2021"
94;"Complaint";"ROUGH OR HARSH HANDLING";"12-10-2019"
94;"Complaint";"ILLNESS AND INJURY";"03-31-2021"
1591;"Complaint";"DISCIPLINE/FOOD/NAPS/BATH";"04-05-2021"
243;"Complaint";"YOUNGER THAN AGE 2Â½ YEARS";"05-18-2020"
243;"Complaint";"NO CHILD LEFT IN VEHICLE";"09-01-2021"
891;"Complaint";"APPARENT HAZARDOUS CONDIT";"04-04-2019"
891;"Complaint";"APPARENT HAZARDS";"04-04-2019"
891;"Complaint";"SIGN CHILD IN/ARRIVAL";"08-23-2018"
241;"Complaint";"APPARENT HAZARDOUS CONDIT";"11-06-2019"
241;"Complaint";"APPARENT HAZARDOUS CONDIT";"01-30-2020"
241;"Complaint";"CLEANING DOESNT INTERFERE";"03-15-2018"
241;"Complaint";"STAFF-CHILD RATIO";"02-22-2018"
241;"Complaint";"STAFF-CHILD RATIO";"03-22-2018"
241;"Complaint";"STAFF-CHILD RATIO";"11-15-2018"
241;"Complaint";"STAFF-CHILD RATIO";"01-30-2020"
241;"Complaint";"STAFF COVERAGE";"01-30-2020"
241;"Complaint";"SUPERVISION AT ALL TIMES";"01-30-2020"
241;"Complaint";"HANDLED GENTLY";"03-15-2018"
241;"Complaint";"FOOD";"09-26-2018"
241;"Complaint";"DISCIPLINE APPROPRIATE";"08-11-2020"
241;"Complaint";"VERBAL ABUSE";"03-15-2018"
978;"Complaint";"CONFIDENTIAL INFORMATION";"11-06-2020"
1406;"Complaint";"CONFIDENTIAL INFORMATION";"11-06-2020"
301;"Complaint";"APPARENT HAZARDOUS CONDIT";"11-13-2019"
301;"Complaint";"APPARENT HAZARDOUS CONDIT";"11-22-2019"
301;"Complaint";"EXPOSED ELECTRICAL OUTLET";"11-13-2019"
301;"Complaint";"SUPERVISION AT ALL TIMES";"08-25-2020"
301;"Complaint";"STAFF/CONTAGIOUS DISEASE";"11-23-2019"
1097;"Complaint";"DISCIPLINARY PRACTICES";"02-05-2019"
209;"Complaint";"SUPERVISION AT ALL TIMES";"08-15-2019"
209;"Complaint";"PROHIBITED DISCIPLINE";"07-24-2019"
209;"Complaint";"CHARACTER AND SUITABILITY";"07-24-2019"
1114;"Complaint";"PROHIBITED DISCIPLINE";"01-13-2020"
803;"Complaint";"CONFIDENTIALITY";"12-01-2020"
1241;"Complaint";"YOUNGER THAN AGE 2Â½ YEARS";
1241;"Complaint";"STAFF/SAME INFANTS";
1241;"Complaint";"ROUGH OR HARSH HANDLING";"03-03-2020"
1241;"Complaint";"ILLNESS AND INJURY";"03-03-2020"
1241;"Complaint";"ADMINISTERING MEDICATION";"01-20-2021"
1241;"Complaint";"ADMINISTERING MEDICATION";"02-03-2021"
1087;"Complaint";"STAFF COVERAGE";"04-04-2018"
529;"Complaint";"CHILD";"10-19-2018"
1800;"Complaint";"SUPERVISION AT ALL TIMES";"08-06-2019"
43;"Complaint";"CORPORAL/PHYSICAL PUNISH";"03-07-2019"
1267;"Complaint";"SUPERVISION AT ALL TIMES";"09-09-2020"
1267;"Complaint";"SUPERVISION AT ALL TIMES";
1639;"Complaint";"APPARENT HAZARDOUS CONDIT";"08-06-2019"
1639;"Complaint";"DIRECTOR QUALIFICATIONS";"07-17-2018"
1639;"Complaint";"DIRECTOR QUALIFICATIONS";"07-17-2018"
190;"Complaint";"QUALIFICATIONS OF STAFF";"01-11-2018"
1742;"Complaint";"CENTER CLEAN";
1742;"Complaint";"STAFF-CHILD RATIO";"05-27-2020"
1742;"Complaint";"NAPPING/RESTING";
1257;"Complaint";"ROUGH OR HARSH HANDLING";"05-11-2017"
890;"Complaint";"SUPERVISION AT ALL TIMES";"03-24-2021"
1561;"Complaint";"ROUGH OR HARSH HANDLING";"03-23-2021"
928;"Complaint";"REQUIRED RATIOS";"05-19-2021"
928;"Complaint";"STAFF-CHILD RATIO";"01-27-2021"
928;"Complaint";"STAFF-CHILD RATIO";"05-07-2021"
928;"Complaint";"STAFF-CHILD RATIO";"05-19-2021"
928;"Complaint";"YOUNGER THAN AGE 2Â½ YEARS";"05-19-2021"
928;"Complaint";"SUPERVISION AT ALL TIMES";"05-19-2021"
928;"Complaint";"STAFF-CHILD RATIO MAINTAI";"01-27-2021"
272;"Complaint";"NOT LEFT WHILE DIAPERING";"04-21-2017"
1305;"Complaint";"ROUGH OR HARSH HANDLING";"03-15-2019"
1656;"Complaint";"STAFF-CHILD RATIO";"10-22-2019"
1656;"Complaint";"YOUNGER THAN AGE 2Â½ YEARS";"10-22-2019"
1656;"Complaint";"PROVIDE OPERATING FUNDS";"10-22-2019"
189;"Complaint";"REQUIRED RATIOS";"11-07-2017"
189;"Complaint";"STAFF-CHILD RATIO";"11-07-2017"
189;"Complaint";"STAFF IN EACH ROOM/SEE";"11-07-2017"
189;"Complaint";"COOPERATE WITH DHR INVEST";"06-21-2017"
54;"Complaint";"SHELVING ANCHORED";"09-17-2020"
54;"Complaint";"HAZARDOUS SUBSTANCES LOCK";"03-25-2019"
54;"Complaint";"APPARENT HAZARDS";"09-17-2020"
54;"Complaint";"SUPERVISION AT ALL TIMES";"09-17-2020"
54;"Complaint";"STAFF-PARENT COMMUNICATE";"03-25-2019"
847;"Complaint";"STAFF-CHILD RATIO";"10-19-2021"
847;"Complaint";"SUPERVISION AT ALL TIMES";"10-19-2021"
847;"Complaint";"STAFFING";"10-19-2021"
1730;"Complaint";"DRIVER/PASSENGERS SECURED";"03-17-2021"
82;"Complaint";"SUPERVISION AT ALL TIMES";"08-21-2020"
1366;"Complaint";"SPECIFIC INDICATED REPORT";"09-03-2021"
226;"Complaint";"OUTDOOR PLAY AREAS ADJOIN";"09-05-2017"
1375;"Complaint";"DISCIPLINARY PRACTICES";"10-21-2020"
1375;"Complaint";"VERBAL ABUSE";"10-21-2020"
1956;"Complaint";"PROHIBITED DISCIPLINE";"10-29-2019"
457;"Complaint";"CHARACTER AND SUITABILITY";"09-28-2020"
457;"Complaint";"CHARACTER AND SUITABILITY";"11-25-2019"
457;"Complaint";"CHARACTER AND SUITABILITY";"01-30-2020"
377;"Complaint";"PROHIBITED DISCIPLINE";"10-15-2021"
377;"Complaint";"CONTAGIOUS DISEASE/CONDIT";"09-13-2021"
929;"Complaint";"SUPERVISION AT ALL TIMES";"11-05-2019"
688;"Complaint";"MAY REQUEST CONSULTATION";"10-21-2021"
1725;"Complaint";"TEMP 68 TO 82 DEGREES";"08-07-2020"
1725;"Complaint";"REQUIRED RATIOS";"08-07-2020"
1725;"Complaint";"REQUIRED RATIOS";"08-10-2021"
1725;"Complaint";"STAFF-CHILD RATIO";"09-17-2021"
1725;"Complaint";"STAFF-CHILD RATIO";"09-17-2021"
1725;"Complaint";"NO STAFF/MORE THAN 8 HRS";"08-10-2021"
1725;"Complaint";"SOFT MATERIALS PROHIBITED";"08-07-2020"
1725;"Complaint";"SERVICE AND SERVING EQUIP";"08-07-2020"
1725;"Complaint";"CORPORAL/PHYSICAL PUNISH";"12-18-2020"
1725;"Complaint";"VERBAL ABUSE";"12-18-2020"
1725;"Complaint";"ROUGH OR HARSH HANDLING";"06-11-2021"
1725;"Complaint";"CONTAGIOUS DISEASE/CONDIT";"08-07-2020"
1725;"Complaint";"ADMINISTERING MEDICATION";"09-17-2021"
1725;"Complaint";"QUALIFICATIONS OF STAFF";"08-07-2020"
1327;"Complaint";"APPARENT HAZARDOUS CONDIT";"02-06-2020"
1327;"Complaint";"CENTER CLEAN";"02-06-2020"
1327;"Complaint";"APPARENT HAZARDS";"02-06-2020"
1327;"Complaint";"QUALIFICATIONS OF STAFF";"02-06-2020"
1397;"Complaint";"WET/SOILED DIAPERS/CLOTH";"01-11-2019"
1397;"Complaint";"PROHIBITED DISCIPLINE";"05-17-2019"
1410;"Complaint";"SUPERVISION AT ALL TIMES";"09-13-2019"
1961;"Complaint";"CENTER CLEAN";"08-13-2018"
89;"Complaint";"REPORT OF MISCONDUCT";"10-29-2019"
181;"Complaint";"STAFF-CHILD RATIO";"10-13-2021"
181;"Complaint";"SUPERVISION AT ALL TIMES";"10-19-2021"
51;"Complaint";"NAPPING/RESTING";"01-25-2017"
1792;"Complaint";"CHILDREN HANDLED GENTLY";"11-02-2021"
1792;"Complaint";"CORPORAL/PHYSICAL PUNISH";"11-02-2021"
1792;"Complaint";"CORPORAL/PHYSICAL PUNISH";"11-02-2021"
1156;"Complaint";"STAFFING";"04-10-2018"
1156;"Complaint";"REQUIRED RATIOS";"04-10-2018"
1156;"Complaint";"YOUNGER THAN AGE 2Â½ YEARS";"04-10-2018"
1156;"Complaint";"STAFF WASH HANDS BEF/AFT";"03-13-2017"
1156;"Complaint";"DISCIPLINARY PRACTICES";"07-12-2018"
1156;"Complaint";"PROHIBITED DISCIPLINE";"08-26-2019"
1156;"Complaint";"ROUGH OR HARSH HANDLING";"04-11-2017"
1156;"Complaint";"CONTAGIOUS DISEASE/CONDIT";"08-26-2019"
476;"Complaint";"TRANSPORTATION BY CENTER";"11-14-2018"
1597;"Complaint";"SUPERVISION AT ALL TIMES";"05-27-2021"
1597;"Complaint";"SUPERVISION AT ALL TIMES";"09-24-2021"
1597;"Complaint";"SUPERVISION AT ALL TIMES";"09-24-2021"
1644;"Complaint";"MISLEADING OR FALSE STATE";"05-18-2021"
1644;"Complaint";"MEAL AND SNACK PATTERNS";"09-17-2018"
837;"Complaint";"STAFF-CHILD RATIO";"05-23-2017"
837;"Complaint";"YOUNGER THAN AGE 2Â½ YEARS";"05-23-2017"
837;"Complaint";"SECOND STAFF/7 OR MORE";"05-23-2017"
837;"Complaint";"QUALIFICATIONS OF STAFF";"05-23-2017"
157;"Complaint";"SUPERVISION AT ALL TIMES";"02-24-2017"
157;"Complaint";"ISOLATION AND REMOVAL";"02-24-2017"
924;"Complaint";"CHARACTER AND SUITABILITY";"01-08-2019"
924;"Complaint";"CHARACTER AND SUITABILITY";"01-08-2019"
1631;"Complaint";"SUPERVISION AT ALL TIMES";"08-23-2019"
1985;"Complaint";"PROHIBITED DISCIPLINE";"10-02-2019"
1617;"Complaint";"OPEN VISITS FROM PARENTS";"04-27-2021"
1508;"Complaint";"SUPERVISION AT ALL TIMES";"10-10-2017"
969;"Complaint";"WET/SOILED DIAPERS/CLOTH";"11-05-2021"
969;"Complaint";"STAFF WASH HANDS BEF/AFT";"11-05-2021"
969;"Complaint";"STAFF USE SINGLE-USE DISP";"11-05-2021"
969;"Complaint";"DIAPERING AREAS SEPARATE";"11-05-2021"
969;"Complaint";"DISCIPLINE/FOOD/NAPS/BATH";"11-05-2021"
1323;"Complaint";"PROHIBITED DISCIPLINE";"06-08-2020"
1323;"Complaint";"ROUGH OR HARSH HANDLING";"06-22-2020"
303;"Complaint";"HAZARD PREVENTION";"04-24-2019"
303;"Complaint";"OUTDOOR PLAY AREA ENCLOSE";"01-30-2017"
303;"Complaint";"STAFF-CHILD RATIO";"01-30-2017"
1378;"Complaint";"STAFF COVERAGE";"02-27-2018"
1378;"Complaint";"QUALIFICATIONS OF STAFF";"02-27-2018"
1930;"Complaint";"CLEAN, DRY DIAPERS/CLOTH";"03-11-2021"
1930;"Complaint";"ROUGH OR HARSH HANDLING";"01-08-2020"
1930;"Complaint";"CHARACTER AND SUITABILITY";"08-14-2019"
1657;"Complaint";"STAFFING";"10-24-2019"
1657;"Complaint";"STAFF-CHILD RATIO";"06-27-2019"
1535;"Complaint";"STAFF-CHILD RATIO";"06-26-2019"
1507;"Complaint";"STAFF-CHILD RATIO";"03-06-2018"
1144;"Complaint";"STAFF-CHILD RATIO";"02-19-2021"
1144;"Complaint";"CONFIDENTIALITY";"10-13-2020"
993;"Complaint";"CRIES/SIGNS OF DISTRESS";"08-08-2019"
993;"Complaint";"STAFF IN EACH ROOM/SEE";"08-08-2019"
279;"Complaint";"SUPERVISION";"09-04-2018"
279;"Complaint";"CORPORAL/PHYSICAL PUNISH";"06-21-2018"
849;"Complaint";"TRANSPORTATION CHECKLISTS";"01-22-2020"
849;"Complaint";"RECORDS ON STAFF";"01-22-2020"
2009;"Complaint";"SUPERVISION AT ALL TIMES";"10-17-2019"
2033;"Complaint";"LIGHTING DURING NAP/REST";"08-08-2019"
2033;"Complaint";"AIDES/ASSISTANT TEACHERS";"10-03-2019"
2045;"Complaint";"CHILD ABUSE AND NEGLECT";"05-12-2021"
2045;"Complaint";"ILLNESS AND INJURY";"06-11-2019"
1193;"Complaint";"ALCOHOL/DRUGS PROHIBITED";"03-13-2019"
1193;"Complaint";"MISLEADING OR FALSE STATE";"07-15-2021"
1588;"Complaint";"CHILDREN HANDLED GENTLY";"02-25-2021"
1588;"Complaint";"ROUGH OR HARSH HANDLING";"05-05-2021"
1588;"Complaint";"CONTAGIOUS DISEASE/CONDIT";"12-02-2020"
1553;"Complaint";"HAZARD PREVENTION";"02-13-2018"
1553;"Complaint";"SUPERVISION AT ALL TIMES";"07-31-2017"
1553;"Complaint";"FOOD";"03-21-2017"
1553;"Complaint";"ISOLATION AND REMOVAL";"07-31-2017"
1136;"Complaint";"CONFIDENTIAL INFORMATION";"05-31-2018"
1136;"Complaint";"CONFIDENTIAL INFORMATION";"10-29-2020"
774;"Complaint";"STAFF-CHILD RATIO";"12-19-2019"
774;"Complaint";"SUPERVISION AT ALL TIMES";"12-19-2019"
774;"Complaint";"SERVICE/SERVING EQUIPMENT";"12-19-2019"
1246;"Complaint";"REQUIRED RATIOS";"05-25-2021"
2013;"Complaint";"SUPERVISION AT ALL TIMES";"07-19-2021"
441;"Complaint";"SUPERVISION AT ALL TIMES";"05-02-2019"
441;"Complaint";"PUNISHMENT BY CHILD";"05-02-2019"
441;"Complaint";"AUTHORIZATION/RELEASE";"05-10-2017"
1370;"Complaint";"CRIES/SIGNS OF DISTRESS";"03-21-2018"
1370;"Complaint";"SERVICE AND SERVING EQUIP";"03-21-2018"
1685;"Complaint";"PROHIBITED DISCIPLINE";"01-30-2020"
1685;"Complaint";"NO ILL CHILD ADMITTED";"01-30-2020"
1008;"Complaint";"VENTILATION/LIGHT/HEAT";"03-12-2019"
683;"Complaint";"STAFF-CHILD RATIO";"08-07-2018"
683;"Complaint";"CORPORAL/PHYSICAL PUNISH";"07-31-2017"
44;"Complaint";"YOUNGER THAN AGE 2Â½ YEARS";"11-15-2019"
1334;"Complaint";"SUPERVISION";"09-12-2018"
775;"Complaint";"STAFF-CHILD RATIO";"01-22-2020"
775;"Complaint";"STAFF-CHILD RATIO";"03-10-2020"
775;"Complaint";"STAFF-CHILD RATIO";"07-09-2020"
775;"Complaint";"MULTIPLE AGE GROUPING";"07-09-2020"
775;"Complaint";"SUPERVISION AT ALL TIMES";"04-08-2021"
775;"Complaint";"CONTAGIOUS DISEASE/CONDIT";"12-16-2020"
775;"Complaint";"REPORTS TO THE DEPARTMENT";"04-08-2021"
1206;"Complaint";"SUPERVISION AT ALL TIMES";"02-16-2017"
733;"Complaint";"SUPERVISION AT ALL TIMES";"03-18-2021"
733;"Complaint";"SUPERVISION AT ALL TIMES";"03-18-2021"
733;"Complaint";"VERBAL ABUSE";"02-20-2020"
734;"Complaint";"SUPERVISION AT ALL TIMES";"07-24-2020"
734;"Complaint";"SERVICE AND SERVING EQUIP";"10-17-2018"
1403;"Complaint";"CONFIDENTIAL INFORMATION";"11-13-2020"
840;"Complaint";"SUPERVISION AT ALL TIMES";"12-11-2019"
840;"Complaint";"SUPERVISION AT ALL TIMES";"08-09-2021"
840;"Complaint";"CLEAN, DRY DIAPERS/CLOTH";"08-09-2021"
840;"Complaint";"PROHIBITED DISCIPLINE";"12-10-2020"
840;"Complaint";"CORPORAL/PHYSICAL PUNISH";"03-06-2020"
840;"Complaint";"ROUGH OR HARSH HANDLING";"12-11-2019"
840;"Complaint";"OPERATING POLICIES";"09-24-2019"
917;"Complaint";"STAFF-CHILD RATIO";"11-07-2019"
809;"Complaint";"PROHIBITED DISCIPLINE";"09-08-2020"
1630;"Complaint";"SUPERVISION";"03-03-2021"
1630;"Complaint";"STAFF-PARENT COMMUNICATE";"07-31-2019"
351;"Complaint";"FOOD";"02-13-2018"
696;"Complaint";"CONFIDENTIALITY";"04-26-2017"
38;"Complaint";"TRANSPORTATION CHECKLISTS";"07-30-2019"
2017;"Complaint";"HEALTH INFORMATION";"06-17-2021"
1419;"Complaint";"CHARACTER AND SUITABILITY";"11-14-2019"
199;"Complaint";"SUPERVISION AT ALL TIMES";"02-03-2020"
2004;"Complaint";"VERBAL ABUSE";"02-22-2017"
2004;"Complaint";"DISCIPLINE/FOOD/NAPS/BATH";"02-06-2018"
1719;"Complaint";"HEATING/ AIR CONDITIONING";"12-20-2019"
844;"Complaint";"PHYSICAL RESTRAINT";"06-14-2019"
1554;"Complaint";"DIAPERING/TOILETING";"07-28-2019"
1361;"Complaint";"ALCOHOL/DRUGS PROHIBITED";"11-23-2020"
1361;"Complaint";"SUPERVISION AT ALL TIMES";"02-25-2020"
1361;"Complaint";"SUPERVISION AT ALL TIMES";"08-17-2020"
1361;"Complaint";"CRIES/SIGNS OF DISTRESS";"02-25-2020"
1361;"Complaint";"PROHIBITED DISCIPLINE";"02-25-2020"
1361;"Complaint";"VERBAL ABUSE";"11-03-2020"
1361;"Complaint";"TRANSPORTATION CHECKLISTS";
1361;"Complaint";"QUALIFICATIONS OF STAFF";"11-03-2020"
1361;"Complaint";"UNSUITABLE CHARACTER";"11-23-2020"
1361;"Complaint";"ARREST/CONVICTION LICENSE";"05-31-2018"
1297;"Complaint";"SUPERVISION AT ALL TIMES";"05-10-2019"
1236;"Complaint";"SERVICE/SERVING EQUIPMENT";"11-08-2018"
1454;"Complaint";"STAFF-CHILD RATIO";"06-05-2019"
1454;"Complaint";"STAFF-CHILD RATIO";"09-04-2019"
1454;"Complaint";"SUPERVISION AT ALL TIMES";"06-05-2019"
1454;"Complaint";"PHYSICAL RESTRAINT";"06-05-2019"
1454;"Complaint";"INITIAL MEDICAL REPORT/TB";"03-03-2017"
1454;"Complaint";"REPORTED 24 HRS/5 DAYS";"11-07-2019"
1454;"Complaint";"CONFIDENTIALITY";"06-05-2019"
1393;"Complaint";"SUPERVISION";"05-26-2021"
565;"Complaint";"FOOD";"01-23-2018"
565;"Complaint";"COTS AND BEDDING";"01-23-2018"
565;"Complaint";"SERVICE/SERVING EQUIPMENT";"01-23-2018"
1432;"Complaint";"APPARENT HAZARDOUS CONDIT";"11-14-2019"
1683;"Complaint";"STAFF-CHILD RATIO";"10-09-2019"
1683;"Complaint";"CRIBS, COTS, AND BEDDING";"10-09-2019"
1683;"Complaint";"SIGN CHILD IN/ARRIVAL";"11-22-2019"
1683;"Complaint";"SIGN CHILD OUT/DEPARTURE";"11-22-2019"
1683;"Complaint";"CHARACTER AND SUITABILITY";"12-02-2019"
1387;"Complaint";"CHECKLISTS USED ACCOUNT";"01-20-2021"
292;"Complaint";"APPARENT HAZARDOUS CONDIT";"04-25-2019"
292;"Complaint";"SUPERVISION AT ALL TIMES";"04-16-2019"
292;"Complaint";"VERBAL ABUSE";"04-25-2019"
1223;"Complaint";"VENTILATION/LIGHT/HEAT";"03-08-2019"
1223;"Complaint";"CORPORAL/PHYSICAL PUNISH";"03-16-2017"
1531;"Complaint";"STAFF-PARENT COMMUNICATE";"03-05-2020"
878;"Complaint";"SUPERVISION AT ALL TIMES";"02-10-2020"
525;"Complaint";"MAY REQUEST CONSULTATION";"12-13-2018"
527;"Complaint";"INFANT/TODDLER DAILY PROG";"11-04-2021"
1407;"Complaint";"PROHIBITED DISCIPLINE";"12-05-2019"
2082;"Complaint";"SUPERVISION AT ALL TIMES";"04-04-2019"
2082;"Complaint";"FOOD";"08-02-2019"
770;"Complaint";"CHARACTER AND SUITABILITY";"03-20-2018"
770;"Complaint";"YOUNGER THAN AGE 2Â½ YEARS";"07-26-2021"
770;"Complaint";"SUPERVISION AT ALL TIMES";"07-26-2021"
770;"Complaint";"COTS AND BEDDING";"09-04-2020"
770;"Complaint";"VERBAL ABUSE";"09-04-2020"
770;"Complaint";"PUNISHMENT BY CHILD";"07-26-2021"
770;"Complaint";"IMMUNIZATIONS";"06-06-2019"
34;"Complaint";"MAY REQUEST CONSULTATION";"02-02-2018"
1516;"Complaint";"STAFF-CHILD RATIO";"09-03-2020"
1695;"Complaint";"LEARNING/GROWTH ACTIVITY";"08-04-2021"
117;"Complaint";"HEATING/ AIR CONDITIONING";"02-05-2018"
117;"Complaint";"HAZARDOUS SUBSTANCES LOCK";"10-23-2019"
117;"Complaint";"HAZARDOUS SUBSTANCES LOCK";"08-04-2020"
117;"Complaint";"REQUIRED RATIOS";"05-09-2017"
117;"Complaint";"STAFF-CHILD RATIO";"02-05-2018"
117;"Complaint";"PROHIBITED DISCIPLINE";"06-05-2020"
117;"Complaint";"CORPORAL/PHYSICAL PUNISH";"12-15-2017"
117;"Complaint";"ISOLATION AND REMOVAL";"03-23-2017"
117;"Complaint";"PHOTOGRAPHIC ID";"05-09-2017"
117;"Complaint";"CHARACTER AND SUITABILITY";"10-30-2019"
117;"Complaint";"VERIFICATION OF TRAINING";"10-30-2019"
117;"Complaint";"MEDICAL EXAM/TB TEST";"10-30-2019"
118;"Complaint";"SUPERVISION AT ALL TIMES";"06-08-2018"
118;"Complaint";"REPORTED 24 HRS/5 DAYS";"06-08-2018"
119;"Complaint";"REPORTED 24 HRS/5 DAYS";"10-09-2020"
1463;"Complaint";"SUPERVISION";"11-23-2020"
1463;"Complaint";"APPARENT HAZARDOUS CONDIT";"11-23-2020"
265;"Complaint";"STAFF-CHILD RATIO";"08-06-2021"
151;"Complaint";"SUPERVISION AT ALL TIMES";"02-01-2021"
151;"Complaint";"OPEN VISITS FROM PARENTS";"02-06-2020"
151;"Complaint";"REPORTED 24 HRS/5 DAYS";"01-29-2021"
151;"Complaint";"REPORTED 24 HRS/5 DAYS";"02-01-2021"
153;"Complaint";"DIAPERING/TOILETING";"09-18-2019"
153;"Complaint";"WET/SOILED DIAPERS/CLOTH";"07-25-2019"
153;"Complaint";"PHYSICAL RESTRAINT";"11-30-2020"
153;"Complaint";"CONFIDENTIALITY";"03-18-2021"
919;"Complaint";"SUPERVISION AT ALL TIMES";"04-10-2019"
1230;"Complaint";"CORPORAL/PHYSICAL PUNISH";"07-06-2021"
106;"Complaint";"DRIVER/PASSENGERS SECURED";"11-14-2019"
108;"Complaint";"APPARENT HAZARDS";"03-20-2017"
108;"Complaint";"ROUGH OR HARSH HANDLING";"03-07-2017"
109;"Complaint";"SUPERVISION AT ALL TIMES";"08-16-2019"
1279;"Complaint";"SUPERVISION";"11-17-2017"
112;"Complaint";"STAFF-CHILD RATIO";"06-29-2020"
112;"Complaint";"SUPERVISION AT ALL TIMES";"06-29-2020"
112;"Complaint";"VERBAL ABUSE";"06-29-2020"
1534;"Complaint";"ROUGH OR HARSH HANDLING";"03-22-2019"
790;"Complaint";"SUPERVISION AT ALL TIMES";"01-12-2017"
790;"Complaint";"VERBAL ABUSE";"09-28-2018"
790;"Complaint";"PUNISHMENT BY CHILD";"09-28-2018"
790;"Complaint";"RECORDS ON STAFF";"08-11-2021"
1440;"Complaint";"CENTER DOESN'T MEET STAND";"11-09-2017"
1440;"Complaint";"STAFF-CHILD RATIO";"04-17-2018"
1440;"Complaint";"PUNISHMENT BY CHILD";"04-17-2018"
768;"Complaint";"DIAPERING/TOILETING";"10-25-2017"
768;"Complaint";"STAFF-PARENT COMMUNICATE";"10-25-2017"
57;"Complaint";"ISOLATION AND REMOVAL";"10-26-2017"
1929;"Complaint";"SOFT MATERIALS PROHIBITED";"09-18-2019"
941;"Complaint";"HEATING/ AIR CONDITIONING";"05-18-2017"
941;"Complaint";"REPORTS TO THE DEPARTMENT";"07-31-2018"
1839;"Complaint";"STAFF-CHILD RATIO";"06-12-2017"
1839;"Complaint";"YOUNGER THAN AGE 2Â½ YEARS";"06-12-2017"
1503;"Complaint";"CONTAGIOUS DISEASE/CONDIT";"08-09-2018"
172;"Complaint";"CHILDREN HANDLED GENTLY";"02-14-2020"
172;"Complaint";"CONTAGIOUS DISEASE/CONDIT";"06-27-2018"
1651;"Complaint";"STAFFING";"03-21-2018"
1651;"Complaint";"STAFF-CHILD RATIO";"07-13-2018"
1651;"Complaint";"STAFF-CHILD RATIO";"11-08-2018"
1651;"Complaint";"STAFF-CHILD RATIO";"06-10-2019"
1651;"Complaint";"MULTIPLE AGE GROUPING";"06-10-2019"
1651;"Complaint";"NOT LEFT WHILE DIAPERING";"07-12-2018"
1651;"Complaint";"FOOD";"07-13-2018"
1651;"Complaint";"FEEDING";"07-13-2018"
1651;"Complaint";"CCW/TEACHER QUALIFIED";"07-13-2018"
1651;"Complaint";"TRAFFIC ACCIDENT";"07-13-2018"
1651;"Complaint";"RISK TO A CHILD";"03-21-2018"
1651;"Complaint";"NUMBER OF CHILDREN";"07-13-2018"
70;"Complaint";"APPARENT HAZARDOUS CONDIT";"09-17-2019"
2109;"Complaint";"FOOD";"09-17-2021"
2115;"Complaint";"APPARENT HAZARDOUS CONDIT";"10-09-2019"
2115;"Complaint";"ROUGH OR HARSH HANDLING";"10-26-2021"
1021;"Complaint";"DOCUMENTATION ON FILE";"08-18-2020"
1021;"Complaint";"MISLEADING OR FALSE STATE";"08-18-2020"
1559;"Complaint";"STAFF-CHILD RATIO";"03-04-2021"
1559;"Complaint";"MULTIPLE AGE GROUPING";"03-04-2021"
1559;"Complaint";"SUPERVISION AT ALL TIMES";"08-30-2018"
1559;"Complaint";"SUPERVISION AT ALL TIMES";"12-20-2018"
1559;"Complaint";"STAFF-PARENT COMMUNICATE";"11-20-2019"
1237;"Complaint";"STAFF-CHILD RATIO";"11-03-2017"
916;"Complaint";"PROHIBITED DISCIPLINE";"02-21-2020"
916;"Complaint";"DISCIPLINE/FOOD/NAPS/BATH";"02-21-2020"
916;"Complaint";"ROUGH OR HARSH HANDLING";"02-21-2020"
260;"Complaint";"CHARACTER AND SUITABILITY";"05-14-2021"
260;"Complaint";"HEATING/ AIR CONDITIONING";"11-14-2019"
260;"Complaint";"SUPERVISION AT ALL TIMES";"09-07-2021"
1532;"Complaint";"CORPORAL/PHYSICAL PUNISH";"09-23-2021"
876;"Complaint";"SUPERVISION AT ALL TIMES";"11-07-2019"
786;"Complaint";"NO POSITIONING DEVICE";
786;"Complaint";"SOFT MATERIALS PROHIBITED";
1118;"Complaint";"HEATING/ AIR CONDITIONING";"09-02-2020"
1118;"Complaint";"NO ILL CHILD ADMITTED";"09-01-2021"
1118;"Complaint";"STAFF/CONTAGIOUS DISEASE";"09-01-2021"
800;"Complaint";"HAZARDOUS SUBSTANCES LOCK";"05-09-2018"
800;"Complaint";"SMOKING/TOBACCO PROHIBIT";"12-14-2017"
800;"Complaint";"SMOKING/TOBACCO PROHIBIT";"12-14-2017"
800;"Complaint";"STAFF WASH HANDS BEF/AFT";"07-18-2017"
800;"Complaint";"PROHIBITED DISCIPLINE";"12-14-2017"
800;"Complaint";"PROHIBITED DISCIPLINE";"12-14-2017"
800;"Complaint";"CONTAGIOUS DISEASE/CONDIT";"12-14-2017"
800;"Complaint";"CONTAGIOUS DISEASE/CONDIT";"12-14-2017"
800;"Complaint";"QUALIFICATIONS OF STAFF";"05-25-2018"
799;"Complaint";"HAZARD PREVENTION";"08-03-2017"
799;"Complaint";"REQUIRED RATIOS";"02-24-2017"
799;"Complaint";"STAFF-CHILD RATIO";"06-15-2021"
799;"Complaint";"NO STAFF/MORE THAN 8 HRS";"03-03-2017"
799;"Complaint";"CONTAGIOUS DISEASE/CONDIT";"06-02-2017"
799;"Complaint";"ILLNESS REQUIRING EMERGEN";"06-29-2021"
893;"Complaint";"SUPERVISION OF CHILDREN";"09-29-2017"
893;"Complaint";"CONFIDENTIAL INFORMATION";"11-15-2019"
738;"Complaint";"STAFF-CHILD RATIO";"10-02-2018"
738;"Complaint";"YOUNGER THAN AGE 2Â½ YEARS";"12-13-2018"
738;"Complaint";"ADMINISTERING MEDICATION";"12-13-2018"
738;"Complaint";"AUTHORIZATION/RELEASE";"11-07-2018"
933;"Complaint";"STAFF-CHILD RATIO";"11-08-2017"
933;"Complaint";"SUPERVISION AT ALL TIMES";"02-15-2019"
933;"Complaint";"SUPERVISION AT ALL TIMES";"03-29-2019"
933;"Complaint";"SUPERVISION AT ALL TIMES";"03-29-2019"
933;"Complaint";"FOOD";"11-08-2017"
933;"Complaint";"PUNISHMENT BY CHILD";"02-15-2019"
933;"Complaint";"STAFF";"02-15-2019"
932;"Complaint";"MEDICINES/DRUGS LOCKED";"03-30-2021"
932;"Complaint";"REQUIRED RATIOS";"09-11-2018"
932;"Complaint";"STAFF-CHILD RATIO";"04-18-2019"
932;"Complaint";"SUPERVISION AT ALL TIMES";"04-18-2019"
932;"Complaint";"PROHIBITED DISCIPLINE";"04-18-2019"
932;"Complaint";"VERBAL ABUSE";"04-18-2019"
932;"Complaint";"DRIVER/PASSENGERS SECURED";"03-22-2018"
932;"Complaint";"QUALIFICATIONS OF STAFF";"02-13-2018"
1833;"Complaint";"YOUNGER THAN AGE 2Â½ YEARS";"06-29-2018"
1717;"Complaint";"SUPERVISION AT ALL TIMES";"12-19-2019"
1253;"Complaint";"SUPERVISION AT ALL TIMES";"10-14-2021"
1253;"Complaint";"CHILD'S PRE-ADMISSION REC";"08-08-2019"
543;"Complaint";"YOUNGER THAN AGE 2Â½ YEARS";"01-05-2021"
96;"Complaint";"CORPORAL/PHYSICAL PUNISH";"09-02-2020"
221;"Complaint";"CHILD CARE PROGRAM";"11-19-2018"
221;"Complaint";"STAFF-CHILD RATIO";"01-10-2017"
221;"Complaint";"STAFF-CHILD RATIO";"10-04-2018"
221;"Complaint";"SUPERVISION AT ALL TIMES";"01-10-2017"
1769;"Complaint";"FOOD";"03-11-2020"
807;"Complaint";"REQUIRED RATIOS";"05-07-2021"
807;"Complaint";"RECORDS ON STAFF";"05-07-2021"
231;"Complaint";"APPARENT HAZARDOUS CONDIT";"10-19-2018"
1285;"Complaint";"SERVICE AND SERVING EQUIP";"09-14-2020"
1065;"Complaint";"REPORTS TO THE DEPARTMENT";"03-31-2021"
1602;"Complaint";"HEALTH INSPECTION";"04-05-2019"
1602;"Complaint";"CENTER CLEAN";"04-05-2019"
1602;"Complaint";"STAFF-CHILD RATIO";"04-05-2019"
1602;"Complaint";"NO POSITIONING DEVICE";"04-05-2019"
1602;"Complaint";"CRIBS, COTS, AND BEDDING";"04-05-2019"
1602;"Complaint";"CRIBS/COTS CLEANED/SHEETS";"04-05-2019"
1450;"Complaint";"PROHIBITED DISCIPLINE";"08-08-2018"
966;"Complaint";"SUPERVISION";"06-01-2021"
966;"Complaint";"APPARENT HAZARDOUS CONDIT";"11-13-2018"
1191;"Complaint";"APPARENT HAZARDOUS CONDIT";"03-05-2021"
1519;"Complaint";"HEATING/ AIR CONDITIONING";"06-14-2017"
1519;"Complaint";"HEATING/ AIR CONDITIONING";"05-23-2018"
1519;"Complaint";"HEATING/ AIR CONDITIONING";"05-21-2019"
1519;"Complaint";"HEATING/ AIR CONDITIONING";"05-21-2019"
1519;"Complaint";"TEMP 68 TO 82 DEGREES";"05-21-2019"
1519;"Complaint";"BARRIERS AROUND RADIATORS";"06-14-2017"
1519;"Complaint";"MULTIPLE AGE GROUPING";"05-05-2017"
1519;"Complaint";"SUPERVISION AT ALL TIMES";"06-23-2020"
1519;"Complaint";"DISCIPLINE APPROPRIATE";"05-23-2018"
1519;"Complaint";"VERBAL ABUSE";"07-03-2018"
1519;"Complaint";"VERBAL ABUSE";"11-15-2019"
1519;"Complaint";"UNSUITABLE CHARACTER";"06-28-2018"
2137;"Complaint";"CLEAN AND SAFE CONDITION";"10-17-2019"
2137;"Complaint";"CRIB EACH INFANT/MATTRESS";"05-28-2019"
2137;"Complaint";"PHYSICAL RESTRAINT";"05-28-2019"
1529;"Complaint";"CORPORAL/PHYSICAL PUNISH";"01-28-2019"
1589;"Complaint";"SUPERVISION AT ALL TIMES";"11-06-2017"
294;"Complaint";"NUMBER OF CHILDREN";"01-17-2020"
294;"Complaint";"STAFF COVERAGE";"01-17-2020"
1324;"Complaint";"DRIVER/PASSENGERS SECURED";"11-03-2017"
1324;"Complaint";"VERIFICATION OF EDUCATION";"05-08-2017"
2181;"Complaint";"INDOOR AREA";"05-26-2021"
2181;"Complaint";"SUPERVISION AT ALL TIMES";"05-26-2021"
2181;"Complaint";"CHARACTER AND SUITABILITY";"06-01-2021"
1166;"Complaint";"HEATING/ AIR CONDITIONING";"11-13-2019"
1680;"Complaint";"ILLNESS AND INJURY";"08-18-2021"
2154;"Complaint";"APPARENT HAZARDOUS CONDIT";"08-06-2019"
1400;"Complaint";"SUPERVISION AT ALL TIMES";"12-22-2017"
1400;"Complaint";"FREEDOM OF MOVEMENT";"02-05-2018"
1400;"Complaint";"TUMMY TIME";"02-05-2018"
1400;"Complaint";"CORPORAL/PHYSICAL PUNISH";"02-08-2019"
1400;"Complaint";"VERBAL ABUSE";"02-08-2019"
1400;"Complaint";"RISK TO A CHILD";"12-22-2017"
1372;"Complaint";"CENTER CLEAN";"08-29-2019"
1372;"Complaint";"CONFIDENTIAL INFORMATION";"05-21-2021"
1350;"Complaint";"YOUNGER THAN AGE 2Â½ YEARS";"10-11-2018"
1350;"Complaint";"ILLNESS AND INJURY";"07-02-2020"
56;"Complaint";"CLEANING DAILY";"04-04-2018"
56;"Complaint";"VERBAL ABUSE";"04-04-2018"
56;"Complaint";"ROUGH OR HARSH HANDLING";"04-04-2018"
56;"Complaint";"SAFETY PRECAUTIONS/VEHICL";"03-11-2019"
736;"Complaint";"HEATING/ AIR CONDITIONING";"08-06-2019"
736;"Complaint";"NO ILL CHILD ADMITTED";"05-18-2017"
1289;"Complaint";"VERBAL ABUSE";"06-21-2021"
1289;"Complaint";"ROUGH OR HARSH HANDLING";"08-16-2018"
1289;"Complaint";"ROUGH OR HARSH HANDLING";"06-21-2021"
1179;"Complaint";"HEATING/ AIR CONDITIONING";"12-13-2019"
1179;"Complaint";"ILLNESS AND INJURY";"01-06-2021"
1314;"Complaint";"SUPERVISION AT ALL TIMES";"09-04-2019"
1314;"Complaint";"CRIBS, COTS, AND BEDDING";"09-04-2019"
957;"Complaint";"VERBAL ABUSE";"04-05-2019"
957;"Complaint";"ROUGH OR HARSH HANDLING";"04-05-2019"
957;"Complaint";"STAFF-PARENT COMMUNICATE";"04-05-2019"
1379;"Complaint";"DRIVER/PASSENGERS SECURED";"07-20-2017"
1761;"Complaint";"TABLE SPACE EACH CHILD";"03-02-2021"
1761;"Complaint";"SUPERVISION AT ALL TIMES";"07-20-2021"
1761;"Complaint";"FOR INFANTS, CLEAN SHEETS";"07-20-2021"
1761;"Complaint";"CONTAGIOUS DISEASE/CONDIT";"07-12-2021"
1598;"Complaint";"RATIOS MAINTAINED";"02-19-2020"
2165;"Complaint";"SUPERVISION";"04-26-2019"
1382;"Complaint";"TRANSPORTATION";"02-06-2018"
1381;"Complaint";"APPARENT HAZARDOUS CONDIT";"03-17-2017"
1381;"Complaint";"APPARENT HAZARDOUS CONDIT";"06-27-2019"
1381;"Complaint";"SMOKING/TOBACCO PROHIBIT";"01-29-2020"
1381;"Complaint";"STAFF-CHILD RATIO";"01-29-2020"
1381;"Complaint";"SUPERVISION AT ALL TIMES";"09-08-2017"
1381;"Complaint";"SUPERVISION AT ALL TIMES";"11-15-2018"
1381;"Complaint";"SUPERVISION AT ALL TIMES";"01-29-2020"
1381;"Complaint";"FOOD";"11-15-2018"
1381;"Complaint";"DISCIPLINE APPROPRIATE";"08-04-2017"
1381;"Complaint";"ILLNESS AND INJURY";"04-30-2021"
1309;"Complaint";"REQUIRED RATIOS";"05-05-2017"
1153;"Complaint";"SUPERVISION";"02-28-2020"
1071;"Complaint";"ROUGH OR HARSH HANDLING";"11-12-2019"
1287;"Complaint";"STAFF-CHILD RATIO";"05-14-2018"
1287;"Complaint";"SUPERVISION AT ALL TIMES";"05-14-2018"
1287;"Complaint";"SUPERVISION AT ALL TIMES";"07-18-2018"
1287;"Complaint";"CLEAN, DRY DIAPERS/CLOTH";"08-30-2018"
1287;"Complaint";"FEEDING";"08-30-2018"
1287;"Complaint";"PARENT INFORMED/BEHAVIOR";"05-14-2018"
1286;"Complaint";"INDOOR AREA";"07-02-2019"
1286;"Complaint";"CORPORAL/PHYSICAL PUNISH";"10-18-2021"
1286;"Complaint";"STAFF-PARENT COMMUNICATE";"08-23-2019"
1286;"Complaint";"OPEN VISITS FROM PARENTS";"04-23-2021"
1286;"Complaint";"QUALIFICATIONS OF STAFF";"12-22-2020"
1629;"Complaint";"SUPERVISION AT ALL TIMES";"08-28-2020"
531;"Complaint";"TRANSPORTATION BY CENTER";"12-05-2019"
102;"Complaint";"YOUNGER THAN AGE 2Â½ YEARS";"04-10-2018"
102;"Complaint";"CORPORAL/PHYSICAL PUNISH";"04-10-2018"
500;"Complaint";"REQUIRED RATIOS";"03-08-2018"
1412;"Complaint";"MAY REQUEST CONSULTATION";"07-26-2017"
1727;"Complaint";"CHILD ABUSE/NEGLECT REPOR";"02-20-2020"
2198;"Complaint";"CORPORAL/PHYSICAL PUNISH";"03-21-2018"
1615;"Complaint";"CHANGE ADDRESS/TELEPHONE";"08-29-2019"
1201;"Complaint";"NUMBER OF FIXTURES";"11-21-2018"
1201;"Complaint";"HEATING/ AIR CONDITIONING";"11-21-2018"
1201;"Complaint";"TEMP 68 TO 82 DEGREES";"11-21-2018"
1201;"Complaint";"STAFF-CHILD RATIO";"11-26-2018"
1201;"Complaint";"YOUNGER THAN AGE 2Â½ YEARS";"11-26-2018"
1201;"Complaint";"REPORTS TO THE DEPARTMENT";"10-28-2019"
152;"Complaint";"CENTER RESPONSIBLE";"08-27-2019"
152;"Complaint";"CENTER RESPONSIBLE";"09-22-2021"
152;"Complaint";"CENTER RESPONSIBLE";"09-22-2021"
1513;"Complaint";"SUPERVISION AT ALL TIMES";"08-20-2021"
1513;"Complaint";"CENTER RESPONSIBLE";"08-20-2021"
1513;"Complaint";"STAFF VISUALLY SUPERVISE";"08-20-2021"
994;"Complaint";"STAFF WASH HANDS BEF/AFT";"06-17-2021"
1709;"Complaint";"STAFF-CHILD RATIO";"08-05-2020"
1709;"Complaint";"MULTIPLE AGE GROUPING";"08-05-2020"
1709;"Complaint";"OPEN VISITS FROM PARENTS";"06-14-2021"
1709;"Complaint";"REPORTED DHR PRIOR TO OCC";"06-14-2021"
2208;"Complaint";"SOFT MATERIALS PROHIBITED";"09-24-2020"
2208;"Complaint";"DISCIPLINE/FOOD/NAPS/BATH";"11-10-2020"
276;"Complaint";"BATHROOM FACILITIES";"04-09-2021"
276;"Complaint";"STAFF-PARENT COMMUNICATE";"04-27-2021"
276;"Complaint";"CONFIDENTIALITY";"09-15-2021"
2207;"Complaint";"INFANT/TODDLER DAILY PROG";"04-08-2020"
1099;"Complaint";"SUPERVISION AT ALL TIMES";"09-20-2019"
1430;"Complaint";"WET/SOILED DIAPERS/CLOTH";"01-21-2020"
1430;"Complaint";"CONTAGIOUS DISEASE/CONDIT";"08-25-2017"
1430;"Complaint";"CHARACTER AND SUITABILITY";"12-28-2016"
1430;"Complaint";"CHARACTER AND SUITABILITY";"04-30-2018"
1430;"Complaint";"UNSUITABLE CHARACTER";"08-11-2017"
1754;"Complaint";"STAFF-CHILD RATIO";"01-27-2020"
1754;"Complaint";"SUPERVISED REST PERIOD";
1754;"Complaint";"TRANSPORTATION CHECKLISTS";"09-10-2019"
1688;"Complaint";"NUMBER OF CHILDREN";"01-07-2020"
1688;"Complaint";"STAFF-CHILD RATIO";"02-07-2020"
1688;"Complaint";"STAFF COVERAGE";"01-07-2020"
1688;"Complaint";"OPEN VISITS FROM PARENTS";"09-23-2020"
1699;"Complaint";"TRANSPORTATION";"09-09-2019"
2197;"Complaint";"APPARENT HAZARDOUS CONDIT";"08-01-2018"
2197;"Complaint";"CENTER CLEAN";"08-01-2018"
2197;"Complaint";"STAFF-PARENT COMMUNICATE";"09-21-2018"
817;"Complaint";"SUPERVISION AT ALL TIMES";"09-10-2021"
558;"Complaint";"HEATING/ AIR CONDITIONING";"01-22-2018"
1187;"Complaint";"HAZARD PREVENTION";"05-25-2017"
1187;"Complaint";"APPARENT HAZARDS";"10-02-2018"
1187;"Complaint";"APPARENT HAZARDS";"10-02-2018"
1187;"Complaint";"STAFF-CHILD RATIO";"05-08-2017"
1187;"Complaint";"STAFF-CHILD RATIO";"01-31-2018"
1187;"Complaint";"STAFF-CHILD RATIO";"02-06-2018"
1187;"Complaint";"STAFF-CHILD RATIO";"03-01-2018"
1187;"Complaint";"MULTIPLE AGE GROUPING";"01-31-2018"
1187;"Complaint";"CHARACTER AND SUITABILITY";"10-25-2019"
1187;"Complaint";"CHARACTER AND SUITABILITY";"10-31-2019"
1187;"Complaint";"MAJOR DAMAGE TO FACILITY";"05-25-2017"
1187;"Complaint";"RISK TO A CHILD";"05-25-2017"
1708;"Complaint";"REQUIRED RATIOS";"09-29-2021"
1708;"Complaint";"SUPERVISION AT ALL TIMES";"09-29-2021"
1708;"Complaint";"PROHIBITED DISCIPLINE";"06-13-2019"
1708;"Complaint";"STAFF-PARENT COMMUNICATE";"09-29-2021"
1596;"Complaint";"SUPERVISION";"09-27-2019"
1596;"Complaint";"NUMBER OF CHILDREN";"10-28-2019"
1596;"Complaint";"NUMBER OF CHILDREN";"10-25-2019"
1596;"Complaint";"FEEDING";"10-28-2019"
1596;"Complaint";"TRANSPORTATION CHECKLISTS";"09-27-2019"
1596;"Complaint";"STAFF RECORD/CONFIDENTIAL";"10-28-2019"
1596;"Complaint";"CHARACTER AND SUITABILITY";"10-28-2019"
839;"Complaint";"DIAPERING FACILITIES";"11-14-2017"
839;"Complaint";"CLEANING DAILY";"10-03-2018"
839;"Complaint";"REQUIRED RATIOS";"08-10-2021"
839;"Complaint";"STAFF-CHILD RATIO";"03-09-2017"
839;"Complaint";"SUPERVISION AT ALL TIMES";"11-27-2017"
839;"Complaint";"POTTY CHAIRS";"11-27-2017"
839;"Complaint";"FOOD";"08-10-2021"
839;"Complaint";"REPORTS TO THE DEPARTMENT";"11-14-2017"
839;"Complaint";"RISK TO A CHILD";"09-19-2017"
838;"Complaint";"CONTAGIOUS DISEASE/CONDIT";"04-12-2021"
838;"Complaint";"STAFF/CONTAGIOUS DISEASE";"04-07-2021"
1675;"Complaint";"CONFIDENTIAL INFORMATION";"11-16-2020"
1479;"Complaint";"SUPERVISION AT ALL TIMES";"11-12-2019"
298;"Complaint";"STAFF-CHILD RATIO";"03-28-2017"
299;"Complaint";"APPARENT HAZARDOUS CONDIT";"09-25-2018"
603;"Complaint";"SAFETY PRECAUTIONS/VEHICL";"11-14-2019"
603;"Complaint";"SAFETY PRECAUTIONS/VEHICL";"11-14-2019"
603;"Complaint";"QUALIFICATIONS OF STAFF";"12-10-2019"
1653;"Complaint";"SIGN CHILD OUT/DEPARTURE";"09-09-2021"
1477;"Complaint";"TRANSPORTATION";"02-24-2017"
1663;"Complaint";"ALCOHOL/DRUGS PROHIBITED";"06-25-2021"
1663;"Complaint";"STAFF-PARENT COMMUNICATE";"05-22-2018"
1663;"Complaint";"CONTAGIOUS DISEASE/CONDIT";"07-23-2020"
1671;"Complaint";"DIAPERING FACILITIES";"04-10-2019"
1671;"Complaint";"APPARENT HAZARDOUS CONDIT";"04-10-2019"
1262;"Complaint";"ADMINISTRATION";"08-31-2021"
1346;"Complaint";"ISOLATION AND REMOVAL";"07-16-2018"
1346;"Complaint";"CHILDREN'S RECORDS CONFID";"07-16-2018"
1474;"Complaint";"APPARENT HAZARDOUS CONDIT";"02-14-2019"
369;"Complaint";"RECORDS APPLIC/LICENSEE";"05-14-2021"
1329;"Complaint";"SUPERVISION AT ALL TIMES";"07-08-2020"
1329;"Complaint";"RATIOS MAINTAINED";"03-03-2020"
1330;"Complaint";"SUPERVISION";"10-30-2020"
1330;"Complaint";"STAFF-CHILD RATIO";"07-08-2020"
1330;"Complaint";"STAFF-CHILD RATIO";"10-30-2020"
1330;"Complaint";"QUALIFICATIONS OF STAFF";"10-30-2020"
1328;"Complaint";"STAFF-CHILD RATIO";"08-15-2018"
1328;"Complaint";"STAFF-CHILD RATIO";"09-07-2018"
1328;"Complaint";"QUALIFICATIONS OF STAFF";"09-20-2018"
1328;"Complaint";"STAFF RECORD/CONFIDENTIAL";"09-20-2018"
1328;"Complaint";"REPORTS TO THE DEPARTMENT";"09-20-2018"
1328;"Complaint";"CHILDREN'S RECORDS CONFID";"08-20-2021"
1328;"Complaint";"CHILD'S PRE-ADMISSION REC";"05-02-2017"
1039;"Complaint";"SUPERVISION AT ALL TIMES";"05-16-2019"
1168;"Complaint";"ROUGH OR HARSH HANDLING";"10-30-2020"
2233;"Complaint";"PROHIBITED DISCIPLINE";"03-03-2021"
1505;"Complaint";"TRANSPORTATION CHECKLISTS";"09-21-2021"
1505;"Complaint";"SUPERVISION OF CHILDREN";"09-21-2021"
1505;"Complaint";"NOT TRANSPORTED/AIRBAG";"09-21-2021"
1505;"Complaint";"DRIVER/PASSENGERS SECURED";"09-21-2021"
1333;"Complaint";"STAFF DETRIMENTAL CONDIT";"08-14-2019"
1388;"Complaint";"SERVICE AND SERVING EQUIP";"08-04-2021"
92;"Complaint";"STAFF-PARENT COMMUNICATE";"12-18-2019"
1552;"Complaint";"VERBAL ABUSE";"07-30-2019"
1552;"Complaint";"ROUGH OR HARSH HANDLING";
1607;"Complaint";"APPARENT HAZARDOUS CONDIT";"05-23-2018"
1221;"Complaint";"SUPERVISION AT ALL TIMES";"11-18-2020"
1782;"Complaint";"PROHIBITED DISCIPLINE";"12-15-2020"
2239;"Complaint";"CONTAGIOUS DISEASE/CONDIT";"12-03-2020"
198;"Complaint";"QUALIFICATIONS OF STAFF";"11-08-2019"
967;"Complaint";"NAPPING/RESTING";"06-29-2021"
1235;"Complaint";"HAZARDOUS SUBSTANCES LOCK";"04-26-2019"
1235;"Complaint";"OFF-STREET LOADING/UNLOAD";"06-13-2018"
1235;"Complaint";"REQUIRED RATIOS";"08-13-2021"
1235;"Complaint";"YOUNGER THAN AGE 2Â½ YEARS";"08-13-2021"
1235;"Complaint";"NO STAFF/MORE THAN 8 HRS";"08-13-2021"
1235;"Complaint";"ILLNESS AND INJURY";"01-26-2021"
1260;"Complaint";"APPARENT HAZARDOUS CONDIT";"10-04-2019"
1260;"Complaint";"SUPERVISION AT ALL TIMES";"10-04-2019"
1260;"Complaint";"CORPORAL/PHYSICAL PUNISH";"09-27-2019"
1390;"Complaint";"NUMBER OF CHILDREN";"02-06-2020"
1390;"Complaint";"APPARENT HAZARDOUS CONDIT";"02-05-2018"
1390;"Complaint";"EXPOSED ELECTRICAL OUTLET";"04-02-2019"
1390;"Complaint";"CENTER CLEAN";"04-30-2019"
1390;"Complaint";"SHADE AND SUN AREAS";"04-30-2019"
1390;"Complaint";"APPARENT HAZARDS";"04-02-2019"
1390;"Complaint";"QUALIFICATIONS OF STAFF";"02-06-2020"
46;"Complaint";"PROHIBITED DISCIPLINE";"08-13-2019"
46;"Complaint";"PHYSICAL RESTRAINT";"08-13-2019"
1689;"Complaint";"PROHIBITED DISCIPLINE";"11-22-2019"
1689;"Complaint";"VERBAL ABUSE";"06-29-2021"
1616;"Complaint";"STAFF-CHILD RATIO";"09-05-2017"
1780;"Complaint";"FREEDOM OF MOVEMENT";"10-20-2021"
2274;"Complaint";"APPARENT HAZARDOUS CONDIT";"11-01-2019"
1643;"Complaint";"VERBAL ABUSE";"06-29-2021"
1643;"Complaint";"ROUGH OR HARSH HANDLING";"07-30-2019"
1643;"Complaint";"STAFF-PARENT COMMUNICATE";"08-22-2019"
732;"Complaint";"COTS AND BEDDING";"06-15-2017"
732;"Complaint";"ROUGH OR HARSH HANDLING";
732;"Complaint";"ISOLATION AND REMOVAL";"08-20-2021"
732;"Complaint";"ISOLATION AND REMOVAL";
1360;"Complaint";"PROHIBITED DISCIPLINE";"04-26-2019"
1360;"Complaint";"ROUGH OR HARSH HANDLING";"11-23-2020"
2272;"Complaint";"PROHIBITED DISCIPLINE";
179;"Complaint";"SUPERVISION AT ALL TIMES";"01-30-2019"
179;"Complaint";"SUPERVISION AT ALL TIMES";"08-13-2019"
179;"Complaint";"SUPERVISION AT ALL TIMES";"10-04-2019"
179;"Complaint";"SUPERVISION AT ALL TIMES";"12-27-2019"
179;"Complaint";"REPORTED 24 HRS/5 DAYS";"01-30-2019"
179;"Complaint";"REPORT KNOWN/SUSPECTED";"06-13-2017"
1364;"Complaint";"FEEDING";"04-14-2021"
79;"Complaint";"SUPERVISION AT ALL TIMES";"10-01-2021"
79;"Complaint";"REPORTS TO THE DEPARTMENT";"10-01-2021"
145;"Complaint";"CONTAGIOUS DISEASE/CONDIT";"02-26-2021"
145;"Complaint";"REPORTS TO THE DEPARTMENT";"02-26-2021"
145;"Complaint";"PUBLIC NOTICE FORM";"02-26-2021"
145;"Complaint";"RATIOS MAINTAINED";"02-26-2021"
99;"Complaint";"SUPERVISION AT ALL TIMES";"02-14-2017"
1749;"Complaint";"MEDICINES/DRUGS LOCKED";"08-31-2021"
1749;"Complaint";"STAFF-CHILD RATIO";"08-31-2021"
1749;"Complaint";"ADMINISTERING MEDICATION";"08-31-2021"
1341;"Complaint";"APPARENT HAZARDS";"06-19-2018"
1341;"Complaint";"REQUIRED RATIOS";"05-08-2017"
1341;"Complaint";"STAFF-CHILD RATIO";"11-21-2016"
1341;"Complaint";"STAFF-CHILD RATIO";"03-23-2017"
1341;"Complaint";"SUPERVISION AT ALL TIMES";"03-30-2017"
1341;"Complaint";"WET/SOILED DIAPERS/CLOTH";"10-15-2020"
1341;"Complaint";"FEEDING";"03-30-2017"
1341;"Complaint";"PROHIBITED DISCIPLINE";"02-01-2017"
1341;"Complaint";"CORPORAL/PHYSICAL PUNISH";"11-21-2016"
1341;"Complaint";"ROUGH OR HARSH HANDLING";"10-15-2020"
1341;"Complaint";"STAFF-PARENT COMMUNICATE";"05-08-2017"
1341;"Complaint";"HEALTH INFORMATION";"03-30-2017"
1341;"Complaint";"NO ILL CHILD ADMITTED";"10-15-2020"
1341;"Complaint";"STAFF/CONTAGIOUS DISEASE";"10-15-2020"
1341;"Complaint";"STAFF DETRIMENTAL CONDIT";"03-06-2017"
1341;"Complaint";"CONFIDENTIALITY";"03-06-2017"
1341;"Complaint";"CONFIDENTIAL INFORMATION";"11-21-2016"
2261;"Complaint";"INDOOR AREA";"06-09-2021"
824;"Complaint";"REQUIRED RATIOS";"05-14-2020"
824;"Complaint";"STAFF-CHILD RATIO";"09-09-2020"
824;"Complaint";"YOUNGER THAN AGE 2Â½ YEARS";"05-14-2020"
824;"Complaint";"YOUNGER THAN AGE 2Â½ YEARS";"09-09-2020"
824;"Complaint";"MULTIPLE AGE GROUPING";"05-14-2020"
824;"Complaint";"DIAPERING/TOILETING";"05-14-2020"
824;"Complaint";"COTS POSITIONED ACCESS";"05-14-2020"
824;"Complaint";"STAFF-PARENT COMMUNICATE";"12-09-2016"
1829;"Complaint";"DEPARTMENT VISITS";"04-05-2017"
1829;"Complaint";"MAY REQUEST CONSULTATION";"06-20-2019"
1829;"Complaint";"HEALTH INSPECTION";"04-05-2017"
1294;"Complaint";"CLEAN, DRY DIAPERS/CLOTH";"06-19-2018"
1294;"Complaint";"CONTAGIOUS DISEASE/CONDIT";"04-13-2021"
1310;"Complaint";"APPARENT HAZARDOUS CONDIT";"03-08-2018"
1310;"Complaint";"STAFF-CHILD RATIO";"07-27-2017"
1310;"Complaint";"STAFF-CHILD RATIO";"04-12-2018"
1310;"Complaint";"YOUNGER THAN AGE 2Â½ YEARS";"04-12-2018"
1310;"Complaint";"CLEAN, DRY DIAPERS/CLOTH";"06-08-2017"
1310;"Complaint";"TIME OUTDOORS DAILY";"11-09-2017"
1310;"Complaint";"DISCIPLINE/FOOD/NAPS/BATH";"07-27-2017"
1310;"Complaint";"POLICIES DON'T CONTRADICT";"06-08-2017"
1310;"Complaint";"CHANGES PROVIDED PARENT";"06-08-2017"
1310;"Complaint";"REPORTED 24 HRS/5 DAYS";"08-30-2018"
763;"Complaint";"REPORTED 24 HRS/5 DAYS";"09-25-2019"
747;"Complaint";"ROUGH OR HARSH HANDLING";"02-06-2019"
305;"Complaint";"CLEANING DAILY";"09-04-2018"
305;"Complaint";"SUPERVISION AT ALL TIMES";"09-04-2018"
305;"Complaint";"NO POSITIONING DEVICE";"09-04-2018"
305;"Complaint";"SOFT MATERIALS PROHIBITED";"09-04-2018"
305;"Complaint";"NO ILL CHILD ADMITTED";"09-04-2018"
305;"Complaint";"QUALIFICATIONS OF STAFF";"09-04-2018"
1112;"Complaint";"SUPERVISION AT ALL TIMES";"11-17-2016"
88;"Complaint";"HEATING/ AIR CONDITIONING";"06-08-2018"
88;"Complaint";"CONFIDENTIAL INFORMATION";"11-09-2020"
1514;"Complaint";"ILLNESS AND INJURY";"06-23-2017"
160;"Complaint";"STAFF RECORD/CONFIDENTIAL";"09-09-2020"
1564;"Complaint";"CHARACTER AND SUITABILITY";"05-17-2019"
1564;"Complaint";"CENTER CLEAN";"08-07-2017"
1564;"Complaint";"SUPERVISION AT ALL TIMES";"08-09-2017"
1564;"Complaint";"SUPERVISION AT ALL TIMES";
1564;"Complaint";"ILLNESS AND INJURY";"05-24-2018"
1564;"Complaint";"DOCUMENTS TO BE POSTED";"09-22-2017"
1564;"Complaint";"DEFICIENCY REPORT";"09-22-2017"
62;"Complaint";"APPARENT HAZARDOUS CONDIT";"11-15-2019"
943;"Complaint";"PROHIBITED DISCIPLINE";"05-24-2019"
943;"Complaint";"SUPERVISION OF CHILDREN";
943;"Complaint";"REPORTS TO THE DEPARTMENT";
943;"Complaint";"DOCUMENTS TO BE POSTED";"02-28-2017"
1356;"Complaint";"STAFF-CHILD RATIO";"09-06-2017"
1271;"Complaint";"SUPERVISION AT ALL TIMES";"09-03-2020"
793;"Complaint";"SUPERVISION AT ALL TIMES";"08-11-2020"
1352;"Complaint";"YOUNGER THAN AGE 2Â½ YEARS";"07-25-2017"
1352;"Complaint";"HANDLED GENTLY";"07-25-2017"
1614;"Complaint";"NIGHT CARE FACILITY";"11-16-2016"
1614;"Complaint";"HEATING/ AIR CONDITIONING";"07-03-2018"
1614;"Complaint";"REQUIRED RATIOS";"01-17-2019"
1614;"Complaint";"FOOD";"07-28-2017"
1614;"Complaint";"TRANSPORTATION BY CENTER";"07-28-2017"
1614;"Complaint";"MAJOR CHANGE OR EXTENSION";"11-18-2016"
1614;"Complaint";"NIGHTTIME CENTERS";"12-09-2016"
1205;"Complaint";"SUPERVISION AT ALL TIMES";"11-02-2017"
1205;"Complaint";"SERVICE AND SERVING EQUIP";"09-21-2018"
1205;"Complaint";"ISOLATION AND REMOVAL";"11-02-2017"
737;"Complaint";"CONTAGIOUS DISEASE/CONDIT";"04-06-2017"
1716;"Complaint";"SUPERVISION";"10-17-2019"
76;"Complaint";"PROHIBITED DISCIPLINE";"08-30-2019"
2309;"Complaint";"REQUIRED RATIOS";"03-07-2017"
2309;"Complaint";"SUBSTITUTE PRESENT";"03-07-2017"
1422;"Complaint";"CONFIDENTIAL INFORMATION";"11-04-2020"
860;"Complaint";"SUPERVISION AT ALL TIMES";"08-28-2019"
860;"Complaint";"CORPORAL/PHYSICAL PUNISH";"12-15-2016"
1622;"Complaint";"SUPERVISION AT ALL TIMES";"06-15-2021"
1622;"Complaint";"CORPORAL/PHYSICAL PUNISH";"06-15-2021"
1357;"Complaint";"SUPERVISION AT ALL TIMES";"05-09-2018"
1357;"Complaint";"SUPERVISION AT ALL TIMES";"05-31-2019"
1530;"Complaint";"NUMBER OF CHILDREN";"05-07-2018"
2335;"Complaint";"ROUGH OR HARSH HANDLING";"03-09-2021"
2335;"Complaint";"SUBSTITUTE QUALIFIED";"12-03-2020"
